Sites,X,Y
Demo Site,-132.282245,53.352985